group,scale,kind,ship_mean,samp_mean,ship_sd,samp_sd,n
M_lt21,N,domain,164.2,186.30820222026995,33.4,13.885687581333658,25042
M_lt21,E,domain,197.6,194.29981630860155,34.2,14.260839730692181,25042
M_lt21,O,domain,217.8,189.35500359396215,28.1,11.097338114354235,25042
M_lt21,A,domain,197.1,179.41206772621996,28.0,14.454401066823783,25042
M_lt21,C,domain,204.2,191.13289673348774,29.1,12.638807541808237,25042
M_gte21,N,domain,161.8,181.75131191244563,38.7,13.6133641386866,35635
M_gte21,E,domain,192.8,191.39764276694262,31.9,14.083434901735844,35635
M_gte21,O,domain,218.4,188.10559842851129,26.6,10.548782108970261,35635
M_gte21,A,domain,202.8,175.8692296899116,27.3,13.889185923357749,35635
M_gte21,C,domain,215.3,187.84983864178477,30.8,11.673510632878877,35635
F_lt21,N,domain,180.0,185.9822964221255,37.5,13.411881738868722,37676
F_lt21,E,domain,203.9,194.80486251194395,35.0,13.522735505771974,37676
F_lt21,O,domain,228.7,187.20928442509822,26.8,10.672193205945652,37676
F_lt21,A,domain,208.6,174.93457373394205,29.1,13.584113564035562,37676
F_lt21,C,domain,203.5,190.19898609194183,31.0,12.14520115581847,37676
F_gte21,N,domain,172.5,182.17756989475922,36.8,13.837078721659802,47035
F_gte21,E,domain,196.2,191.29097480599555,31.7,13.603414715618275,47035
F_gte21,O,domain,226.3,186.32854257467844,26.8,10.345077285866376,47035
F_gte21,A,domain,217.3,171.3856915063251,25.3,12.720530035720618,47035
F_gte21,C,domain,220.7,187.12318486233656,29.8,11.387682007473249,47035
